-- 2022.08.25 yycho
DROP DATABASE IF EXISTS emp;
CREATE DATABASE IF NOT EXISTS emp;
USE emp;

DROP TABLE IF EXISTS emp;
DROP TABLE IF EXISTS dept;
DROP TABLE IF EXISTS title;
CREATE TABLE dept(
deptno CHAR(2) PRIMARY KEY,
deptname VARCHAR(20),
deptloc VARCHAR(20) 
);
CREATE TABLE title(
titleno CHAR(2) PRIMARY KEY,
titlename VARCHAR(20) 
);
CREATE TABLE emp(
empno CHAR(4) PRIMARY KEY,
titleno CHAR(2), 
deptno CHAR(2),
empname VARCHAR(10),
manager CHAR(4),
salary INT(5),
hdate DATE
);
INSERT INTO emp VALUES ('1001','40','10', '킹',NULL, 5000,'1997-01-01' );
INSERT INTO emp VALUES ('1002','30','20', '이영업','1001', 4300,'1998-01-01' );
INSERT INTO emp VALUES ('1003','30','30', '김생산','1001', 4800,'1999-01-01' );
INSERT INTO emp VALUES ('1004','30','40', '홍연구','1001', 4500,'1999-12-01' );
INSERT INTO emp VALUES ('1005','20','20', '이말숙','1002', 3300,'2000-01-01' );
INSERT INTO emp VALUES ('1006','10','20', '김말숫','1002', 2800,'2001-01-01' );
INSERT INTO emp VALUES ('1007','20','30', '홍영자','1003', 3500,'2000-12-01' );
INSERT INTO emp VALUES ('1008','10','30', '이영자','1003', 2300,'2002-05-01' );
INSERT INTO emp VALUES ('1009','20','40', '김강국','1004', 3800,'2001-01-01' );
INSERT INTO emp VALUES ('1010','10','40', '홍정국','1004', 2500,'2002-12-01' );
INSERT INTO dept VALUES ('10', '관리부', '서울');
INSERT INTO dept VALUES ('20', '생산부', '부산');
INSERT INTO dept VALUES ('30', '영업부', '대구');
INSERT INTO dept VALUES ('40', '기술부', '대전');
INSERT INTO title VALUES ('40','대표');
INSERT INTO title VALUES ('30','팀장');
INSERT INTO title VALUES ('20','대리');
INSERT INTO title VALUES ('10','사원');
